"","species","fire type","status"
"1","Achnatherum lemmonii var. lemmonii","Unmeasured","native"
"2","Achnatherum nelsonii ssp. dorei","Unmeasured","native"
"3","Achnatherum occidentale ssp. occidentale","Unmeasured","native"
"4","Aegilops cylindrica","Unmeasured","non-native"
"5","Aegilops triuncialis","Unmeasured","non-native"
"6","Agropyron cristatum","Unmeasured","non-native"
"7","Agrostis avenacea","Unmeasured","non-native"
"8","Agrostis canina","Unmeasured","native"
"9","Agrostis capillaris","Unmeasured","non-native"
"10","Agrostis clavata","Unmeasured","native"
"11","Agrostis exarata","Unmeasured","native"
"12","Agrostis gigantea","Unmeasured","non-native"
"13","Agrostis hyemalis","Unmeasured","native"
"14","Agrostis idahoensis","Unmeasured","native"
"15","Agrostis mertensii","Unmeasured","native"
"16","Agrostis pallens","Unmeasured","native"
"17","Agrostis perennans","Unmeasured","native"
"18","Agrostis scabra","Unmeasured","native"
"19","Agrostis stolonifera","Unmeasured","non-native"
"20","Agrostis variabilis","Unmeasured","native"
"21","Alopecurus aequalis","Unmeasured","native"
"22","Alopecurus carolinianus","Unmeasured","native"
"23","Alopecurus magellanicus","Unmeasured","native"
"24","Alopecurus myosuroides","Unmeasured","non-native"
"25","Alopecurus pratensis","Unmeasured","non-native"
"26","Alopecurus saccatus","Unmeasured","native"
"27","Ammophila arenaria","Unmeasured","non-native"
"28","Ammophila breviligulata","Unmeasured","native"
"29","Ampelodesmos mauritanica","Unmeasured","non-native"
"30","Andropogon bicornis","Unmeasured","native"
"31","Andropogon gayanus","Unmeasured","non-native"
"32","Andropogon gerardii","Unmeasured","native"
"33","Andropogon glomeratus","Unmeasured","native"
"34","Andropogon hallii","Unmeasured","native"
"35","Andropogon ternarius","Unmeasured","native"
"36","Andropogon virginicus","Unmeasured","native"
"37","Anthoxanthum odoratum","Unmeasured","non-native"
"38","Arctagrostis latifolia","Unmeasured","native"
"39","Arctophila fulva","Unmeasured","native"
"40","Aristida adscensionis","Unmeasured","native"
"41","Aristida arizonica","Unmeasured","native"
"42","Aristida dichotoma","Unmeasured","native"
"43","Aristida divaricata","Unmeasured","native"
"44","Aristida longespica","Unmeasured","native"
"45","Aristida oligantha","Unmeasured","native"
"46","Aristida purpurascens","Unmeasured","native"
"47","Aristida purpurea","Unmeasured","native"
"48","Aristida stricta","Unmeasured","native"
"49","Aristida ternipes","Unmeasured","native"
"50","Arrhenatherum elatius","Invasive/Fire Promoting","non-native"
"51","Arthraxon hispidus","Unmeasured","non-native"
"52","Arundinaria gigantea","Unmeasured","native"
"53","Arundinaria tecta","Unmeasured","native"
"54","Arundo donax","Unmeasured","non-native"
"55","Avena barbata","Unmeasured","non-native"
"56","Avena fatua","Unmeasured","non-native"
"57","Avena sativa","Unmeasured","non-native"
"58","Axonopus compressus","Unmeasured","native"
"59","Axonopus fissifolius","Unmeasured","native"
"60","Beckmannia syzigachne","Unmeasured","native"
"61","Blepharoneuron tricholepis","Unmeasured","native"
"62","Blysmus rufus","Unmeasured","native"
"63","Bolboschoenus fluviatilis","Unmeasured","native"
"64","Bolboschoenus maritimus","Unmeasured","native"
"65","Bolboschoenus robustus","Unmeasured","native"
"66","Bothriochloa barbinodis","Unmeasured","native"
"67","Bothriochloa ischaemum","Unmeasured","non-native"
"68","Bothriochloa laguroides","Unmeasured","native"
"69","Bouteloua aristidoides","Unmeasured","native"
"70","Bouteloua chondrosioides","Unmeasured","native"
"71","Bouteloua curtipendula","Unmeasured","native"
"72","Bouteloua rigidiseta","Unmeasured","native"
"73","Bouteloua warnockii","Unmeasured","native"
"74","Brachiaria brizantha","Unmeasured","non-native"
"75","Brachiaria decumbens","Unmeasured","non-native"
"76","Brachiaria mutica","Unmeasured","non-native"
"77","Brachyelytrum erectum","Unmeasured","native"
"78","Brachypodium sylvaticum","Unmeasured","non-native"
"79","Briza maxima","Unmeasured","non-native"
"80","Briza minor","Unmeasured","non-native"
"81","Bromus anomalus","Unmeasured","native"
"82","Bromus arvensis","Unmeasured","non-native"
"83","Bromus briziformis","Unmeasured","non-native"
"84","Bromus carinatus","Unmeasured","native"
"85","Bromus catharticus","Unmeasured","non-native"
"86","Bromus ciliatus","Unmeasured","native"
"87","Bromus diandrus","Unmeasured","non-native"
"88","Bromus hordeaceus","Unmeasured","non-native"
"89","Bromus inermis","Unmeasured","native"
"90","Bromus japonicus","Unmeasured","non-native"
"91","Bromus kalmii","Unmeasured","native"
"92","Bromus laevipes","Unmeasured","native"
"93","Bromus latiglumis","Unmeasured","native"
"94","Bromus madritensis","Unmeasured","non-native"
"95","Bromus marginatus","Unmeasured","native"
"96","Bromus maritimus","Unmeasured","native"
"97","Bromus orcuttianus","Unmeasured","native"
"98","Bromus pacificus","Unmeasured","native"
"99","Bromus polyanthus","Unmeasured","native"
"100","Bromus pubescens","Unmeasured","native"
"101","Bromus rubens","Invasive/Fire Promoting","non-native"
"102","Bromus sitchensis","Unmeasured","native"
"103","Bromus squarrosus","Unmeasured","non-native"
"104","Bromus sterilis","Unmeasured","non-native"
"105","Bromus tectorum","Invasive/Fire Promoting","non-native"
"106","Bromus vulgaris","Unmeasured","native"
"107","Bulbostylis capillaris","Unmeasured","native"
"108","Bulbostylis funckii","Unmeasured","native"
"109","Bulbostylis juncoides","Unmeasured","native"
"110","Calamagrostis bolanderi","Unmeasured","native"
"111","Calamagrostis breweri","Unmeasured","native"
"112","Calamagrostis canadensis","Unmeasured","native"
"113","Calamagrostis coarctata","Unmeasured","native"
"114","Calamagrostis deschampsioides","Unmeasured","native"
"115","Calamagrostis epigeios","Unmeasured","non-native"
"116","Calamagrostis foliosa","Unmeasured","native"
"117","Calamagrostis lapponica","Unmeasured","native"
"118","Calamagrostis nutkaensis","Unmeasured","native"
"119","Calamagrostis ophitidis","Unmeasured","native"
"120","Calamagrostis purpurascens","Unmeasured","native"
"121","Calamagrostis rubescens","Unmeasured","native"
"122","Calamagrostis stricta","Unmeasured","native"
"123","Calamagrostis stricta ssp. inexpansa","Unmeasured","native"
"124","Calamagrostis stricta ssp. stricta","Unmeasured","native"
"125","Calamovilfa gigantea","Unmeasured","native"
"126","Calamovilfa longifolia","Unmeasured","native"
"127","Carex abscondita","Unmeasured","native"
"128","Carex albolutescens","Unmeasured","native"
"129","Carex albonigra","Unmeasured","native"
"130","Carex albursina","Unmeasured","native"
"131","Carex alma","Unmeasured","native"
"132","Carex alopecoidea","Unmeasured","native"
"133","Carex amphibola","Unmeasured","native"
"134","Carex amplifolia","Unmeasured","native"
"135","Carex annectens","Unmeasured","native"
"136","Carex aperta","Unmeasured","native"
"137","Carex aquatilis","Unmeasured","native"
"138","Carex aquatilis var. dives","Unmeasured","native"
"139","Carex aquatilis var. stans","Unmeasured","native"
"140","Carex arcta","Unmeasured","native"
"141","Carex arenaria","Unmeasured","native"
"142","Carex atherodes","Unmeasured","native"
"143","Carex athrostachya","Unmeasured","native"
"144","Carex atlantica","Unmeasured","native"
"145","Carex atrofusca","Unmeasured","native"
"146","Carex aurea","Unmeasured","native"
"147","Carex austrina","Unmeasured","native"
"148","Carex baileyi","Unmeasured","native"
"149","Carex barbarae","Unmeasured","native"
"150","Carex bebbii","Unmeasured","native"
"151","Carex bella","Unmeasured","native"
"152","Carex bicknellii","Unmeasured","native"
"153","Carex bicolor","Unmeasured","native"
"154","Carex bigelowii","Unmeasured","native"
"155","Carex blanda","Unmeasured","native"
"156","Carex brevior","Unmeasured","native"
"157","Carex breweri","Unmeasured","native"
"158","Carex brunnescens","Unmeasured","native"
"159","Carex bushii","Unmeasured","native"
"160","Carex buxbaumii","Unmeasured","native"
"161","Carex canescens","Unmeasured","native"
"162","Carex capillaris","Unmeasured","native"
"163","Carex capitata","Unmeasured","native"
"164","Carex cephalophora","Unmeasured","native"
"165","Carex cherokeensis","Unmeasured","native"
"166","Carex chihuahuensis","Unmeasured","native"
"167","Carex chordorrhiza","Unmeasured","native"
"168","Carex comosa","Unmeasured","native"
"169","Carex conoidea","Unmeasured","native"
"170","Carex crawei","Unmeasured","native"
"171","Carex crawfordii","Unmeasured","native"
"172","Carex crinita","Unmeasured","native"
"173","Carex cristatella","Unmeasured","native"
"174","Carex crus-corvi","Unmeasured","native"
"175","Carex cusickii","Unmeasured","native"
"176","Carex davisii","Unmeasured","native"
"177","Carex debilis","Unmeasured","native"
"178","Carex decomposita","Unmeasured","native"
"179","Carex densa","Unmeasured","native"
"180","Carex deweyana","Unmeasured","native"
"181","Carex diandra","Unmeasured","native"
"182","Carex digitalis","Unmeasured","native"
"183","Carex disperma","Unmeasured","native"
"184","Carex douglasii","Unmeasured","native"
"185","Carex duriuscula","Unmeasured","native"
"186","Carex ebenea","Unmeasured","native"
"187","Carex eburnea","Unmeasured","native"
"188","Carex echinata","Unmeasured","native"
"189","Carex eleusinoides","Unmeasured","native"
"190","Carex elynoides","Unmeasured","native"
"191","Carex engelmannii","Unmeasured","native"
"192","Carex exsiccata","Unmeasured","native"
"193","Carex festucacea","Unmeasured","native"
"194","Carex filifolia","Unmeasured","native"
"195","Carex flaccosperma","Unmeasured","native"
"196","Carex flava","Unmeasured","native"
"197","Carex folliculata","Unmeasured","native"
"198","Carex fracta","Unmeasured","native"
"199","Carex frankii","Unmeasured","native"
"200","Carex geophila","Unmeasured","native"
"201","Carex geyeri","Unmeasured","native"
"202","Carex glacialis","Unmeasured","native"
"203","Carex glareosa","Unmeasured","native"
"204","Carex glaucescens","Unmeasured","native"
"205","Carex glaucodea","Unmeasured","native"
"206","Carex globosa","Unmeasured","native"
"207","Carex gmelinii","Unmeasured","native"
"208","Carex gracillima","Unmeasured","native"
"209","Carex granularis","Unmeasured","native"
"210","Carex gravida","Unmeasured","native"
"211","Carex grayi","Unmeasured","native"
"212","Carex grisea","Unmeasured","native"
"213","Carex gynocrates","Unmeasured","native"
"214","Carex halliana","Unmeasured","native"
"215","Carex harfordii","Unmeasured","native"
"216","Carex heleonastes","Unmeasured","native"
"217","Carex hendersonii","Unmeasured","native"
"218","Carex heteroneura","Unmeasured","native"
"219","Carex hirsutella","Unmeasured","native"
"220","Carex holostoma","Unmeasured","native"
"221","Carex hoodii","Unmeasured","native"
"222","Carex hostiana","Unmeasured","native"
"223","Carex houghtoniana","Unmeasured","native"
"224","Carex hyalinolepis","Unmeasured","native"
"225","Carex hystericina","Unmeasured","native"
"226","Carex illota","Unmeasured","native"
"227","Carex interior","Unmeasured","native"
"228","Carex intumescens","Unmeasured","native"
"229","Carex jonesii","Unmeasured","native"
"230","Carex joorii","Unmeasured","native"
"231","Carex kobomugi","Unmeasured","non-native"
"232","Carex lachenalii","Unmeasured","native"
"233","Carex lacustris","Unmeasured","native"
"234","Carex laeviculmis","Unmeasured","native"
"235","Carex lapponica","Unmeasured","native"
"236","Carex lasiocarpa","Unmeasured","native"
"237","Carex lasiocarpa var. americana","Unmeasured","native"
"238","Carex laxiculmis","Unmeasured","native"
"239","Carex lenticularis","Unmeasured","native"
"240","Carex lenticularis var. impressa","Unmeasured","native"
"241","Carex lenticularis var. limnophila","Unmeasured","native"
"242","Carex lenticularis var. lipocarpa","Unmeasured","native"
"243","Carex leptalea","Unmeasured","native"
"244","Carex leptonervia","Unmeasured","native"
"245","Carex limosa","Unmeasured","native"
"246","Carex livida","Unmeasured","native"
"247","Carex loliacea","Unmeasured","native"
"248","Carex lupulina","Unmeasured","native"
"249","Carex lurida","Unmeasured","native"
"250","Carex luzulifolia","Unmeasured","native"
"251","Carex luzulina","Unmeasured","native"
"252","Carex luzulina var. ablata","Unmeasured","native"
"253","Carex lyngbyei","Unmeasured","native"
"254","Carex mackenziei","Unmeasured","native"
"255","Carex macloviana","Unmeasured","native"
"256","Carex magellanica","Unmeasured","native"
"257","Carex mariposana","Unmeasured","native"
"258","Carex maritima","Unmeasured","native"
"259","Carex meadii","Unmeasured","native"
"260","Carex melanostachya","Unmeasured","native"
"261","Carex membranacea","Unmeasured","native"
"262","Carex merritt-fernaldii","Unmeasured","native"
"263","Carex mertensii","Unmeasured","native"
"264","Carex michauxiana","Unmeasured","native"
"265","Carex microglochin","Unmeasured","native"
"266","Carex microptera","Unmeasured","native"
"267","Carex molesta","Unmeasured","native"
"268","Carex multicaulis","Unmeasured","native"
"269","Carex muskingumensis","Unmeasured","native"
"270","Carex nardina","Unmeasured","native"
"271","Carex nebrascensis","Unmeasured","native"
"272","Carex nigra","Unmeasured","native"
"273","Carex normalis","Unmeasured","native"
"274","Carex norvegica","Unmeasured","native"
"275","Carex nova","Unmeasured","native"
"276","Carex obnupta","Unmeasured","native"
"277","Carex obtusata","Unmeasured","native"
"278","Carex oligosperma","Unmeasured","native"
"279","Carex pallescens","Unmeasured","native"
"280","Carex panicea","Unmeasured","native"
"281","Carex pansa","Unmeasured","native"
"282","Carex pauciflora","Unmeasured","native"
"283","Carex pedunculata","Unmeasured","native"
"284","Carex pellita","Unmeasured","native"
"285","Carex pensylvanica","Unmeasured","native"
"286","Carex phaeocephala","Unmeasured","native"
"287","Carex plantaginea","Unmeasured","native"
"288","Carex pluriflora","Unmeasured","native"
"289","Carex polymorpha","Unmeasured","native"
"290","Carex praegracilis","Unmeasured","native"
"291","Carex prasina","Unmeasured","native"
"292","Carex projecta","Unmeasured","native"
"293","Carex proposita","Unmeasured","native"
"294","Carex pseudocyperus","Unmeasured","native"
"295","Carex pyrenaica","Unmeasured","native"
"296","Carex radiata","Unmeasured","native"
"297","Carex rariflora","Unmeasured","native"
"298","Carex raynoldsii","Unmeasured","native"
"299","Carex recta","Unmeasured","native"
"300","Carex retrorsa","Unmeasured","native"
"301","Carex richardsonii","Unmeasured","native"
"302","Carex rosea","Unmeasured","native"
"303","Carex rossii","Unmeasured","native"
"304","Carex rostrata","Unmeasured","native"
"305","Carex rotundata","Unmeasured","native"
"306","Carex rupestris","Unmeasured","native"
"307","Carex rupestris var. drummondiana","Unmeasured","native"
"308","Carex sartwellii","Unmeasured","native"
"309","Carex saxatilis","Unmeasured","native"
"310","Carex scabrata","Unmeasured","native"
"311","Carex scirpoidea","Unmeasured","native"
"312","Carex scoparia","Unmeasured","native"
"313","Carex scopulorum","Unmeasured","native"
"314","Carex scopulorum var. bracteosa","Unmeasured","native"
"315","Carex serratodens","Unmeasured","native"
"316","Carex shortiana","Unmeasured","native"
"317","Carex siccata","Unmeasured","native"
"318","Carex simulata","Unmeasured","native"
"319","Carex sparganioides","Unmeasured","native"
"320","Carex spectabilis","Unmeasured","native"
"321","Carex spissa","Unmeasured","native"
"322","Carex sprengelii","Unmeasured","native"
"323","Carex squarrosa","Unmeasured","native"
"324","Carex stipata","Unmeasured","native"
"325","Carex straminea","Unmeasured","native"
"326","Carex straminiformis","Unmeasured","native"
"327","Carex stricta","Unmeasured","native"
"328","Carex suberecta","Unmeasured","native"
"329","Carex subspathacea","Unmeasured","native"
"330","Carex supina","Unmeasured","native"
"331","Carex swanii","Unmeasured","native"
"332","Carex tahoensis","Unmeasured","native"
"333","Carex tenax","Unmeasured","native"
"334","Carex tenera","Unmeasured","native"
"335","Carex tenuiflora","Unmeasured","native"
"336","Carex tonsa","Unmeasured","native"
"337","Carex torta","Unmeasured","native"
"338","Carex tribuloides","Unmeasured","native"
"339","Carex trichocarpa","Unmeasured","native"
"340","Carex trisperma","Unmeasured","native"
"341","Carex tuckermanii","Unmeasured","native"
"342","Carex tumulicola","Unmeasured","native"
"343","Carex typhina","Unmeasured","native"
"344","Carex umbellata","Unmeasured","native"
"345","Carex unilateralis","Unmeasured","native"
"346","Carex ursina","Unmeasured","native"
"347","Carex utriculata","Unmeasured","native"
"348","Carex vaginata","Unmeasured","native"
"349","Carex vesicaria","Unmeasured","native"
"350","Carex viridula","Unmeasured","native"
"351","Carex viridula ssp. brachyrrhyncha","Unmeasured","native"
"352","Carex viridula ssp. oedocarpa","Unmeasured","native"
"353","Carex viridula ssp. viridula","Unmeasured","native"
"354","Carex vulpinoidea","Unmeasured","native"
"355","Carex xerantica","Unmeasured","native"
"356","Catabrosa aquatica","Unmeasured","native"
"357","Catapodium rigidum","Unmeasured","non-native"
"358","Cathestecum erectum","Unmeasured","native"
"359","Cenchrus biflorus","Unmeasured","non-native"
"360","Cenchrus brownii","Unmeasured","native"
"361","Cenchrus ciliaris","Unmeasured","non-native"
"362","Cenchrus echinatus","Unmeasured","native"
"363","Cenchrus longispinus","Unmeasured","native"
"364","Cenchrus myosuroides","Unmeasured","native"
"365","Cenchrus spinifex","Unmeasured","native"
"366","Cenchrus tribuloides","Unmeasured","native"
"367","Chasmanthium latifolium","Unmeasured","native"
"368","Chasmanthium laxum","Unmeasured","native"
"369","Chloris barbata","Unmeasured","native"
"370","Chloris cucullata","Unmeasured","native"
"371","Chloris gayana","Unmeasured","non-native"
"372","Chloris radiata","Unmeasured","native"
"373","Chloris verticillata","Unmeasured","native"
"374","Chloris virgata","Unmeasured","native"
"375","Cinna arundinacea","Unmeasured","native"
"376","Cinna latifolia","Unmeasured","native"
"377","Cladium mariscoides","Unmeasured","native"
"378","Cladium mariscus","Unmeasured","native"
"379","Cladium mariscus ssp. jamaicense","Unmeasured","native"
"380","Coelorachis cylindrica","Unmeasured","native"
"381","Coelorachis rugosa","Unmeasured","native"
"382","Coleanthus subtilis","Unmeasured","native"
"383","Cortaderia selloana","Unmeasured","non-native"
"384","Corynephorus canescens","Unmeasured","native"
"385","Cynodon dactylon","Unmeasured","non-native"
"386","Cynosurus echinatus","Invasive/Fire Promoting","non-native"
"387","Cyperus acuminatus","Unmeasured","native"
"388","Cyperus aggregatus","Unmeasured","native"
"389","Cyperus alternifolius","Unmeasured","non-native"
"390","Cyperus amabilis","Unmeasured","native"
"391","Cyperus articulatus","Unmeasured","native"
"392","Cyperus compressus","Unmeasured","native"
"393","Cyperus difformis","Unmeasured","non-native"
"394","Cyperus digitatus","Unmeasured","native"
"395","Cyperus distans","Unmeasured","native"
"396","Cyperus echinatus","Unmeasured","native"
"397","Cyperus eragrostis","Unmeasured","native"
"398","Cyperus erythrorhizos","Unmeasured","native"
"399","Cyperus esculentus","Unmeasured","native"
"400","Cyperus fendlerianus","Unmeasured","native"
"401","Cyperus fuscus","Unmeasured","non-native"
"402","Cyperus glomeratus","Unmeasured","non-native"
"403","Cyperus haspan","Unmeasured","native"
"404","Cyperus hermaphroditus","Unmeasured","native"
"405","Cyperus houghtonii","Unmeasured","native"
"406","Cyperus hystricinus","Unmeasured","native"
"407","Cyperus involucratus","Unmeasured","non-native"
"408","Cyperus iria","Unmeasured","non-native"
"409","Cyperus laevigatus","Unmeasured","native"
"410","Cyperus lancastriensis","Unmeasured","native"
"411","Cyperus lupulinus","Unmeasured","native"
"412","Cyperus odoratus","Unmeasured","native"
"413","Cyperus papyrus","Unmeasured","non-native"
"414","Cyperus pseudovegetus","Unmeasured","native"
"415","Cyperus reflexus","Unmeasured","native"
"416","Cyperus retroflexus","Unmeasured","native"
"417","Cyperus rotundus","Unmeasured","non-native"
"418","Cyperus schweinitzii","Unmeasured","native"
"419","Cyperus squarrosus","Unmeasured","native"
"420","Cyperus strigosus","Unmeasured","native"
"421","Cyperus surinamensis","Unmeasured","native"
"422","Cyperus virens","Unmeasured","native"
"423","Dactylis glomerata","Unmeasured","non-native"
"424","Dactyloctenium aegyptium","Unmeasured","non-native"
"425","Danthonia californica","Unmeasured","native"
"426","Danthonia compressa","Unmeasured","native"
"427","Danthonia intermedia","Unmeasured","native"
"428","Danthonia spicata","Unmeasured","native"
"429","Danthonia unispicata","Unmeasured","native"
"430","Deschampsia cespitosa","Unmeasured","native"
"431","Deschampsia danthonioides","Unmeasured","native"
"432","Deschampsia elongata","Unmeasured","native"
"433","Deschampsia flexuosa","Unmeasured","native"
"434","Diarrhena obovata","Unmeasured","native"
"435","Dichanthium annulatum","Unmeasured","non-native"
"436","Digitaria bicornis","Unmeasured","native"
"437","Digitaria californica","Unmeasured","native"
"438","Digitaria ciliaris","Unmeasured","native"
"439","Digitaria cognata","Unmeasured","native"
"440","Digitaria didactyla","Unmeasured","non-native"
"441","Digitaria eriantha","Unmeasured","non-native"
"442","Digitaria insularis","Unmeasured","native"
"443","Digitaria longiflora","Unmeasured","native"
"444","Digitaria sanguinalis","Unmeasured","non-native"
"445","Distichlis spicata","Unmeasured","native"
"446","Dulichium arundinaceum","Unmeasured","native"
"447","Dupontia fisheri","Unmeasured","native"
"448","Echinochloa colona","Unmeasured","non-native"
"449","Echinochloa crus-galli","Unmeasured","non-native"
"450","Echinochloa muricata","Unmeasured","native"
"451","Echinochloa pyramidalis","Unmeasured","non-native"
"452","Echinochloa walteri","Unmeasured","native"
"453","Ehrharta calycina","Invasive/Fire Promoting","non-native"
"454","Ehrharta longiflora","Unmeasured","non-native"
"455","Eleocharis acicularis","Unmeasured","native"
"456","Eleocharis atropurpurea","Unmeasured","native"
"457","Eleocharis cellulosa","Unmeasured","native"
"458","Eleocharis compressa","Unmeasured","native"
"459","Eleocharis engelmannii","Unmeasured","native"
"460","Eleocharis equisetoides","Unmeasured","native"
"461","Eleocharis erythropoda","Unmeasured","native"
"462","Eleocharis geniculata","Unmeasured","native"
"463","Eleocharis intermedia","Unmeasured","native"
"464","Eleocharis interstincta","Unmeasured","native"
"465","Eleocharis macrostachya","Unmeasured","native"
"466","Eleocharis mamillata","Unmeasured","native"
"467","Eleocharis melanocarpa","Unmeasured","native"
"468","Eleocharis montana","Unmeasured","native"
"469","Eleocharis montevidensis","Unmeasured","native"
"470","Eleocharis obtusa","Unmeasured","native"
"471","Eleocharis ovata","Unmeasured","native"
"472","Eleocharis palustris","Unmeasured","native"
"473","Eleocharis palustris var. vigens","Unmeasured","native"
"474","Eleocharis parishii","Unmeasured","native"
"475","Eleocharis parvula","Unmeasured","native"
"476","Eleocharis quadrangulata","Unmeasured","native"
"477","Eleocharis quinqueflora","Unmeasured","native"
"478","Eleocharis robbinsii","Unmeasured","native"
"479","Eleocharis rostellata","Unmeasured","native"
"480","Eleocharis tenuis","Unmeasured","native"
"481","Eleocharis uniglumis","Unmeasured","native"
"482","Eleusine indica","Unmeasured","non-native"
"483","Eleusine tristachya","Unmeasured","non-native"
"484","Elionurus barbiculmis","Unmeasured","native"
"485","Elyhordeum stebbinsianum","Unmeasured","native"
"486","Elymus albicans","Unmeasured","native"
"487","Elymus arizonicus","Unmeasured","native"
"488","Elymus athericus","Unmeasured","non-native"
"489","Elymus canadensis","Unmeasured","native"
"490","Elymus elymoides","Unmeasured","native"
"491","Elymus elymoides ssp. elymoides","Unmeasured","native"
"492","Elymus glaucus","Unmeasured","native"
"493","Elymus lanceolatus","Unmeasured","native"
"494","Elymus lanceolatus ssp. lanceolatus","Unmeasured","native"
"495","Elymus macrourus","Unmeasured","native"
"496","Elymus multisetus","Unmeasured","native"
"497","Elymus repens","Unmeasured","non-native"
"498","Elymus riparius","Unmeasured","native"
"499","Elymus scribneri","Unmeasured","native"
"500","Elymus sibiricus","Unmeasured","native"
"501","Elymus submuticus","Unmeasured","native"
"502","Elymus trachycaulus","Unmeasured","native"
"503","Elymus trachycaulus ssp. trachycaulus","Unmeasured","native"
"504","Elymus villosus","Unmeasured","native"
"505","Elymus virginicus","Unmeasured","native"
"506","Enneapogon desvauxii","Unmeasured","native"
"507","Eragrostis capillaris","Unmeasured","native"
"508","Eragrostis curtipedicellata","Unmeasured","native"
"509","Eragrostis curvula","Invasive/Fire Promoting","non-native"
"510","Eragrostis frankii","Unmeasured","native"
"511","Eragrostis hypnoides","Unmeasured","native"
"512","Eragrostis intermedia","Unmeasured","native"
"513","Eragrostis lehmanniana","Unmeasured","non-native"
"514","Eragrostis lugens","Unmeasured","native"
"515","Eragrostis mexicana","Unmeasured","native"
"516","Eragrostis pectinacea","Unmeasured","native"
"517","Eragrostis plana","Unmeasured","non-native"
"518","Eragrostis prolifera","Unmeasured","native"
"519","Eragrostis secundiflora","Unmeasured","native"
"520","Eragrostis spectabilis","Unmeasured","native"
"521","Eragrostis trichodes","Unmeasured","native"
"522","Eriochloa contracta","Unmeasured","native"
"523","Eriochloa polystachya","Unmeasured","native"
"524","Eriochloa sericea","Unmeasured","native"
"525","Erioneuron pilosum","Unmeasured","native"
"526","Eriophorum angustifolium","Unmeasured","native"
"527","Eriophorum chamissonis","Unmeasured","native"
"528","Eriophorum gracile","Unmeasured","native"
"529","Eriophorum scheuchzeri","Unmeasured","native"
"530","Eriophorum vaginatum","Unmeasured","native"
"531","Eriophorum virginicum","Unmeasured","native"
"532","Eriophorum viridicarinatum","Unmeasured","native"
"533","Eustachys petraea","Unmeasured","native"
"534","Festuca altaica","Unmeasured","native"
"535","Festuca arizonica","Unmeasured","native"
"536","Festuca arundinacea","Unmeasured","non-native"
"537","Festuca brachyphylla","Unmeasured","native"
"538","Festuca brachyphylla ssp. coloradensis","Unmeasured","native"
"539","Festuca californica","Unmeasured","native"
"540","Festuca campestris","Unmeasured","native"
"541","Festuca dasyclada","Unmeasured","native"
"542","Festuca hallii","Unmeasured","native"
"543","Festuca idahoensis","Unmeasured","native"
"544","Festuca lenensis","Unmeasured","native"
"545","Festuca occidentalis","Unmeasured","native"
"546","Festuca rubra","Unmeasured","native"
"547","Festuca rubra ssp. rubra","Unmeasured","native"
"548","Festuca subulata","Unmeasured","native"
"549","Festuca subverticillata","Unmeasured","native"
"550","Festuca thurberi","Unmeasured","native"
"551","Festuca viridula","Unmeasured","native"
"552","Fimbristylis dichotoma","Unmeasured","native"
"553","Fimbristylis puberula","Unmeasured","native"
"554","Fimbristylis thermalis","Unmeasured","native"
"555","Fuirena simplex","Unmeasured","native"
"556","Fuirena squarrosa","Unmeasured","native"
"557","Gastridium phleoides","Unmeasured","native"
"558","Glyceria borealis","Unmeasured","native"
"559","Glyceria canadensis","Unmeasured","native"
"560","Glyceria grandis","Unmeasured","native"
"561","Glyceria maxima","Unmeasured","non-native"
"562","Glyceria melicaria","Unmeasured","native"
"563","Glyceria obtusa","Unmeasured","native"
"564","Glyceria septentrionalis","Unmeasured","native"
"565","Glyceria striata","Unmeasured","native"
"566","Helictotrichon mortonianum","Unmeasured","native"
"567","Hemarthria altissima","Unmeasured","non-native"
"568","Hesperostipa comata ssp. comata","Unmeasured","native"
"569","Heteropogon contortus","Unmeasured","native"
"570","Hierochloe occidentalis","Unmeasured","native"
"571","Hierochloe odorata","Unmeasured","native"
"572","Hilaria belangeri","Unmeasured","native"
"573","Hilaria swallenii","Unmeasured","native"
"574","Holcus lanatus","Unmeasured","non-native"
"575","Hordeum brachyantherum","Unmeasured","native"
"576","Hordeum brachyantherum ssp. californicum","Unmeasured","native"
"577","Hordeum jubatum","Unmeasured","native"
"578","Hordeum marinum","Unmeasured","non-native"
"579","Hordeum murinum","Unmeasured","non-native"
"580","Hordeum pusillum","Unmeasured","native"
"581","Hymenachne amplexicaulis","Unmeasured","native"
"582","Hyparrhenia hirta","Unmeasured","non-native"
"583","Hyparrhenia rufa","Unmeasured","non-native"
"584","Imperata brevifolia","Unmeasured","native"
"585","Imperata cylindrica","Invasive/Fire Promoting","non-native"
"586","Isoetes lacustris","Unmeasured","native"
"587","Isolepis carinata","Unmeasured","native"
"588","Isolepis cernua","Unmeasured","native"
"589","Juncus acuminatus","Unmeasured","native"
"590","Juncus acutus","Unmeasured","native"
"591","Juncus acutus ssp. leopoldii","Unmeasured","native"
"592","Juncus alpinoarticulatus","Unmeasured","native"
"593","Juncus arcticus","Unmeasured","native"
"594","Juncus articulatus","Unmeasured","native"
"595","Juncus biflorus","Unmeasured","native"
"596","Juncus biglumis","Unmeasured","native"
"597","Juncus bolanderi","Unmeasured","native"
"598","Juncus brachycarpus","Unmeasured","native"
"599","Juncus brachycephalus","Unmeasured","native"
"600","Juncus brevicaudatus","Unmeasured","native"
"601","Juncus breweri","Unmeasured","native"
"602","Juncus bufonius","Unmeasured","native"
"603","Juncus canadensis","Unmeasured","native"
"604","Juncus castaneus","Unmeasured","native"
"605","Juncus confusus","Unmeasured","native"
"606","Juncus cooperi","Unmeasured","native"
"607","Juncus coriaceus","Unmeasured","native"
"608","Juncus dichotomus","Unmeasured","native"
"609","Juncus drummondii","Unmeasured","native"
"610","Juncus dudleyi","Unmeasured","native"
"611","Juncus effusus","Unmeasured","native"
"612","Juncus ensifolius","Unmeasured","native"
"613","Juncus falcatus","Unmeasured","native"
"614","Juncus filiformis","Unmeasured","native"
"615","Juncus gerardii","Unmeasured","native"
"616","Juncus greenei","Unmeasured","native"
"617","Juncus interior","Unmeasured","native"
"618","Juncus lesueurii","Unmeasured","native"
"619","Juncus longistylis","Unmeasured","native"
"620","Juncus marginatus","Unmeasured","native"
"621","Juncus megacephalus","Unmeasured","native"
"622","Juncus mertensianus","Unmeasured","native"
"623","Juncus nevadensis","Unmeasured","native"
"624","Juncus nodosus","Unmeasured","native"
"625","Juncus occidentalis","Unmeasured","native"
"626","Juncus orthophyllus","Unmeasured","native"
"627","Juncus oxymeris","Unmeasured","native"
"628","Juncus parryi","Unmeasured","native"
"629","Juncus patens","Unmeasured","native"
"630","Juncus pelocarpus","Unmeasured","native"
"631","Juncus phaeocephalus","Unmeasured","native"
"632","Juncus repens","Unmeasured","native"
"633","Juncus roemerianus","Unmeasured","native"
"634","Juncus saximontanus","Unmeasured","native"
"635","Juncus scirpoides","Unmeasured","native"
"636","Juncus secundus","Unmeasured","native"
"637","Juncus stygius","Unmeasured","native"
"638","Juncus subcaudatus","Unmeasured","native"
"639","Juncus tenuis","Unmeasured","native"
"640","Juncus torreyi","Unmeasured","native"
"641","Juncus trifidus","Unmeasured","native"
"642","Juncus triglumis","Unmeasured","native"
"643","Juncus uncialis","Unmeasured","native"
"644","Juncus validus","Unmeasured","native"
"645","Juncus xiphioides","Unmeasured","native"
"646","Kobresia myosuroides","Unmeasured","native"
"647","Kobresia sibirica","Unmeasured","native"
"648","Kobresia simpliciuscula","Unmeasured","native"
"649","Koeleria asiatica","Unmeasured","native"
"650","Koeleria macrantha","Unmeasured","native"
"651","Kyllinga odorata","Unmeasured","native"
"652","Kyllinga pumila","Unmeasured","native"
"653","Lagurus ovatus","Unmeasured","non-native"
"654","Leersia hexandra","Unmeasured","native"
"655","Leersia lenticularis","Unmeasured","native"
"656","Leersia monandra","Unmeasured","native"
"657","Leersia oryzoides","Unmeasured","native"
"658","Leersia virginica","Unmeasured","native"
"659","Leptochloa dubia","Unmeasured","native"
"660","Leptochloa fusca","Unmeasured","native"
"661","Leptochloa fusca ssp. fascicularis","Unmeasured","native"
"662","Leymus ambiguus","Unmeasured","native"
"663","Leymus cinereus","Unmeasured","native"
"664","Leymus condensatus","Unmeasured","native"
"665","Leymus flavescens","Unmeasured","native"
"666","Leymus innovatus","Unmeasured","native"
"667","Leymus mollis ssp. mollis","Unmeasured","native"
"668","Leymus salinus","Unmeasured","native"
"669","Leymus triticoides","Unmeasured","native"
"670","Limnodea arkansana","Unmeasured","native"
"671","Lipocarpha micrantha","Unmeasured","native"
"672","Lolium multiflorum","Unmeasured","non-native"
"673","Lolium perenne","Unmeasured","non-native"
"674","Lolium rigidum","Unmeasured","non-native"
"675","Luzula arcuata","Unmeasured","native"
"676","Luzula bulbosa","Unmeasured","native"
"677","Luzula comosa","Unmeasured","native"
"678","Luzula confusa","Unmeasured","native"
"679","Luzula divaricata","Unmeasured","native"
"680","Luzula glabrata","Unmeasured","native"
"681","Luzula multiflora","Unmeasured","native"
"682","Luzula orestera","Unmeasured","native"
"683","Luzula parviflora","Unmeasured","native"
"684","Luzula piperi","Unmeasured","native"
"685","Luzula spicata","Unmeasured","native"
"686","Luzula wahlenbergii","Unmeasured","native"
"687","Lycurus phleoides","Unmeasured","native"
"688","Lycurus setosus","Unmeasured","native"
"689","Melica aristata","Unmeasured","native"
"690","Melica bulbosa","Unmeasured","native"
"691","Melica californica","Unmeasured","native"
"692","Melica geyeri","Unmeasured","native"
"693","Melica harfordii","Unmeasured","native"
"694","Melica imperfecta","Unmeasured","native"
"695","Melica nitens","Unmeasured","native"
"696","Melica spectabilis","Unmeasured","native"
"697","Melica subulata","Unmeasured","native"
"698","Melinis minutiflora","Invasive/Fire Promoting","non-native"
"699","Melinis repens","Unmeasured","non-native"
"700","Microstegium vimineum","Invasive/Fire Promoting","non-native"
"701","Milium effusum","Unmeasured","native"
"702","Miscanthus sacchariflorus","Unmeasured","non-native"
"703","Miscanthus sinensis","Invasive/Fire Promoting","non-native"
"704","Molinia caerulea","Unmeasured","non-native"
"705","Muhlenbergia andina","Unmeasured","native"
"706","Muhlenbergia arenacea","Unmeasured","native"
"707","Muhlenbergia arizonica","Unmeasured","native"
"708","Muhlenbergia asperifolia","Unmeasured","native"
"709","Muhlenbergia bushii","Unmeasured","native"
"710","Muhlenbergia capillaris","Unmeasured","native"
"711","Muhlenbergia cuspidata","Unmeasured","native"
"712","Muhlenbergia dumosa","Unmeasured","native"
"713","Muhlenbergia emersleyi","Unmeasured","native"
"714","Muhlenbergia filiformis","Unmeasured","native"
"715","Muhlenbergia frondosa","Unmeasured","native"
"716","Muhlenbergia glomerata","Unmeasured","native"
"717","Muhlenbergia mexicana","Unmeasured","native"
"718","Muhlenbergia microsperma","Unmeasured","native"
"719","Muhlenbergia minutissima","Unmeasured","native"
"720","Muhlenbergia montana","Unmeasured","native"
"721","Muhlenbergia peruviana","Unmeasured","native"
"722","Muhlenbergia polycaulis","Unmeasured","native"
"723","Muhlenbergia porteri","Unmeasured","native"
"724","Muhlenbergia pungens","Unmeasured","native"
"725","Muhlenbergia racemosa","Unmeasured","native"
"726","Muhlenbergia ramulosa","Unmeasured","native"
"727","Muhlenbergia repens","Unmeasured","native"
"728","Muhlenbergia richardsonis","Unmeasured","native"
"729","Muhlenbergia rigens","Unmeasured","native"
"730","Muhlenbergia rigida","Unmeasured","native"
"731","Muhlenbergia schreberi","Unmeasured","native"
"732","Muhlenbergia setifolia","Unmeasured","native"
"733","Muhlenbergia sinuosa","Unmeasured","native"
"734","Muhlenbergia sylvatica","Unmeasured","native"
"735","Muhlenbergia torreyi","Unmeasured","native"
"736","Muhlenbergia uniflora","Unmeasured","native"
"737","Muhlenbergia wrightii","Unmeasured","native"
"738","Munroa squarrosa","Unmeasured","native"
"739","Nardus stricta","Unmeasured","non-native"
"740","Nassella cernua","Unmeasured","native"
"741","Nassella lepida","Unmeasured","native"
"742","Nassella leucotricha","Unmeasured","native"
"743","Nassella neesiana","Unmeasured","non-native"
"744","Nassella pulchra","Unmeasured","native"
"745","Nassella tenuissima","Unmeasured","native"
"746","Nassella trichotoma","Unmeasured","non-native"
"747","Nassella viridula","Unmeasured","native"
"748","Oplismenus hirtellus","Unmeasured","native"
"749","Oryza sativa","Unmeasured","non-native"
"750","Oryzopsis asperifolia","Unmeasured","native"
"751","Oxycaryum cubense","Unmeasured","native"
"752","Panicum acuminatum","Unmeasured","non-native"
"753","Panicum amarum","Unmeasured","native"
"754","Panicum anceps","Unmeasured","native"
"755","Panicum capillare","Unmeasured","native"
"756","Panicum dichotomiflorum","Unmeasured","native"
"757","Panicum flexile","Unmeasured","native"
"758","Panicum hallii","Unmeasured","native"
"759","Panicum hemitomon","Unmeasured","native"
"760","Panicum hillmanii","Unmeasured","native"
"761","Panicum hirticaule","Unmeasured","native"
"762","Panicum maximum","Unmeasured","non-native"
"763","Panicum miliaceum","Unmeasured","non-native"
"764","Panicum obtusum","Unmeasured","native"
"765","Panicum repens","Unmeasured","non-native"
"766","Panicum trichoides","Unmeasured","native"
"767","Panicum virgatum","Unmeasured","native"
"768","Paspalum conjugatum","Unmeasured","native"
"769","Paspalum denticulatum","Unmeasured","native"
"770","Paspalum dilatatum","Unmeasured","non-native"
"771","Paspalum distichum","Unmeasured","native"
"772","Paspalum floridanum","Unmeasured","native"
"773","Paspalum laeve","Unmeasured","native"
"774","Paspalum minus","Unmeasured","native"
"775","Paspalum notatum","Unmeasured","native"
"776","Paspalum paniculatum","Unmeasured","native"
"777","Paspalum plicatulum","Unmeasured","native"
"778","Paspalum pubiflorum","Unmeasured","native"
"779","Paspalum setaceum","Unmeasured","native"
"780","Paspalum unispicatum","Unmeasured","native"
"781","Paspalum urvillei","Unmeasured","non-native"
"782","Paspalum vaginatum","Unmeasured","native"
"783","Paspalum virgatum","Unmeasured","native"
"784","Pennisetum alopecuroides","Unmeasured","non-native"
"785","Pennisetum clandestinum","Unmeasured","non-native"
"786","Pennisetum polystachion","Unmeasured","non-native"
"787","Pennisetum purpureum","Unmeasured","non-native"
"788","Pennisetum setaceum","Unmeasured","non-native"
"789","Phalaris angusta","Unmeasured","native"
"790","Phalaris aquatica","Unmeasured","non-native"
"791","Phalaris arundinacea","Unmeasured","native"
"792","Phalaris canariensis","Unmeasured","non-native"
"793","Phalaris lemmonii","Unmeasured","native"
"794","Phalaris minor","Unmeasured","non-native"
"795","Phippsia algida","Unmeasured","native"
"796","Phippsia concinna","Unmeasured","native"
"797","Phleum alpinum","Unmeasured","native"
"798","Phleum pratense","Unmeasured","non-native"
"799","Phragmites australis","Invasive/Fire Promoting","native"
"800","Phyllostachys aurea","Unmeasured","non-native"
"801","Phyllostachys edulis","Unmeasured","non-native"
"802","Piptochaetium avenaceum","Unmeasured","native"
"803","Piptochaetium fimbriatum","Unmeasured","native"
"804","Pleuropogon californicus","Unmeasured","native"
"805","Pleuropogon sabinei","Unmeasured","native"
"806","Poa abbreviata","Unmeasured","native"
"807","Poa alpina","Unmeasured","native"
"808","Poa annua","Unmeasured","non-native"
"809","Poa arachnifera","Unmeasured","native"
"810","Poa arctica","Unmeasured","native"
"811","Poa arida","Unmeasured","native"
"812","Poa autumnalis","Unmeasured","native"
"813","Poa bolanderi","Unmeasured","native"
"814","Poa bulbosa","Unmeasured","non-native"
"815","Poa compressa","Unmeasured","non-native"
"816","Poa cusickii","Unmeasured","native"
"817","Poa cusickii ssp. epilis","Unmeasured","native"
"818","Poa douglasii","Unmeasured","native"
"819","Poa eminens","Unmeasured","native"
"820","Poa fendleriana","Unmeasured","native"
"821","Poa fendleriana ssp. fendleriana","Unmeasured","native"
"822","Poa glauca","Unmeasured","native"
"823","Poa glauca ssp. glauca","Unmeasured","native"
"824","Poa hartzii","Unmeasured","native"
"825","Poa kelloggii","Unmeasured","native"
"826","Poa laxiflora","Unmeasured","native"
"827","Poa leibergii","Unmeasured","native"
"828","Poa leptocoma","Unmeasured","native"
"829","Poa macrantha","Unmeasured","native"
"830","Poa macrocalyx","Unmeasured","native"
"831","Poa nemoralis","Unmeasured","native"
"832","Poa nervosa","Unmeasured","native"
"833","Poa palustris","Unmeasured","native"
"834","Poa pratensis","Unmeasured","native"
"835","Poa secunda","Unmeasured","native"
"836","Poa sylvestris","Unmeasured","native"
"837","Polypogon elongatus","Unmeasured","native"
"838","Polypogon interruptus","Unmeasured","native"
"839","Polypogon monspeliensis","Unmeasured","non-native"
"840","Pseudoroegneria spicata ssp. inermis","Unmeasured","native"
"841","Pseudoroegneria spicata ssp. spicata","Unmeasured","native"
"842","Puccinellia angustata","Unmeasured","native"
"843","Puccinellia distans","Unmeasured","native"
"844","Puccinellia fasciculata","Unmeasured","native"
"845","Puccinellia nutkaensis","Unmeasured","native"
"846","Puccinellia nuttalliana","Unmeasured","native"
"847","Puccinellia phryganodes","Unmeasured","native"
"848","Puccinellia vaginata","Unmeasured","native"
"849","Redfieldia flexuosa","Unmeasured","native"
"850","Rhynchospora alba","Unmeasured","native"
"851","Rhynchospora capillacea","Unmeasured","native"
"852","Rhynchospora colorata","Unmeasured","native"
"853","Rhynchospora corniculata","Unmeasured","native"
"854","Rhynchospora elliottii","Unmeasured","native"
"855","Rhynchospora eximia","Unmeasured","native"
"856","Rhynchospora fusca","Unmeasured","native"
"857","Rhynchospora gracilenta","Unmeasured","native"
"858","Rhynchospora inexpansa","Unmeasured","native"
"859","Rhynchospora macrostachya","Unmeasured","native"
"860","Rhynchospora nitens","Unmeasured","native"
"861","Rhynchospora nivea","Unmeasured","native"
"862","Rhynchospora scirpoides","Unmeasured","native"
"863","Saccharum brevibarbe","Unmeasured","native"
"864","Saccharum giganteum","Unmeasured","native"
"865","Saccharum spontaneum","Unmeasured","non-native"
"866","Sacciolepis striata","Unmeasured","native"
"867","Sasa kurilensis","Unmeasured","non-native"
"868","Schedonnardus paniculatus","Unmeasured","native"
"869","Schismus arabicus","Unmeasured","non-native"
"870","Schismus barbatus","Invasive/Fire Promoting","non-native"
"871","Schizachne purpurascens","Unmeasured","native"
"872","Schizachyrium condensatum","Unmeasured","non-native"
"873","Schizachyrium sanguineum","Unmeasured","native"
"874","Schizachyrium scoparium","Unmeasured","native"
"875","Schizachyrium tenerum","Unmeasured","native"
"876","Schoenoplectus acutus","Unmeasured","native"
"877","Schoenoplectus acutus var. occidentalis","Unmeasured","native"
"878","Schoenoplectus americanus","Unmeasured","native"
"879","Schoenoplectus californicus","Unmeasured","native"
"880","Schoenoplectus heterochaetus","Unmeasured","native"
"881","Schoenoplectus pungens","Unmeasured","native"
"882","Schoenoplectus pungens var. longispicatus","Unmeasured","native"
"883","Schoenoplectus subterminalis","Unmeasured","native"
"884","Schoenoplectus tabernaemontani","Unmeasured","native"
"885","Schoenoplectus torreyi","Unmeasured","native"
"886","Schoenoplectus triqueter","Unmeasured","non-native"
"887","Schoenus nigricans","Unmeasured","native"
"888","Scirpus atrocinctus","Unmeasured","native"
"889","Scirpus atrovirens","Unmeasured","native"
"890","Scirpus cyperinus","Unmeasured","native"
"891","Scirpus georgianus","Unmeasured","native"
"892","Scirpus lineatus","Unmeasured","native"
"893","Scirpus microcarpus","Unmeasured","native"
"894","Scirpus pallidus","Unmeasured","native"
"895","Scirpus pedicellatus","Unmeasured","native"
"896","Scirpus pendulus","Unmeasured","native"
"897","Scirpus polyphyllus","Unmeasured","native"
"898","Scleria oligantha","Unmeasured","native"
"899","Scleria pauciflora","Unmeasured","native"
"900","Scleria triglomerata","Unmeasured","native"
"901","Scleria verticillata","Unmeasured","native"
"902","Sclerochloa dura","Unmeasured","native"
"903","Scleropogon brevifolius","Unmeasured","native"
"904","Scolochloa festucacea","Unmeasured","native"
"905","Scribneria bolanderi","Unmeasured","native"
"906","Secale cereale","Unmeasured","non-native"
"907","Setaria faberi","Unmeasured","non-native"
"908","Setaria leucopila","Unmeasured","native"
"909","Setaria liebmannii","Unmeasured","native"
"910","Setaria macrostachya","Unmeasured","native"
"911","Setaria palmifolia","Unmeasured","non-native"
"912","Setaria parviflora","Unmeasured","native"
"913","Setaria pumila","Unmeasured","non-native"
"914","Setaria scheelei","Unmeasured","native"
"915","Setaria sphacelata","Unmeasured","non-native"
"916","Setaria vulpiseta","Unmeasured","native"
"917","Sorghastrum nutans","Unmeasured","native"
"918","Sorghum halepense","Unmeasured","non-native"
"919","Spartina alterniflora","Unmeasured","native"
"920","Spartina anglica","Unmeasured","non-native"
"921","Spartina bakeri","Unmeasured","native"
"922","Spartina cynosuroides","Unmeasured","native"
"923","Spartina foliosa","Unmeasured","native"
"924","Spartina gracilis","Unmeasured","native"
"925","Spartina patens","Unmeasured","native"
"926","Spartina pectinata","Unmeasured","native"
"927","Spartina spartinae","Unmeasured","native"
"928","Spartina x townsendii","Unmeasured","non-native"
"929","Sphenopholis intermedia","Unmeasured","native"
"930","Sphenopholis nitida","Unmeasured","native"
"931","Sphenopholis obtusata","Unmeasured","native"
"932","Sphenopholis pallens","Unmeasured","native"
"933","Sporobolus airoides","Unmeasured","native"
"934","Sporobolus clandestinus","Unmeasured","native"
"935","Sporobolus compositus","Unmeasured","native"
"936","Sporobolus contractus","Unmeasured","native"
"937","Sporobolus cryptandrus","Unmeasured","native"
"938","Sporobolus flexuosus","Unmeasured","native"
"939","Sporobolus giganteus","Unmeasured","native"
"940","Sporobolus heterolepis","Unmeasured","native"
"941","Sporobolus indicus","Unmeasured","native"
"942","Sporobolus interruptus","Unmeasured","native"
"943","Sporobolus natalensis","Unmeasured","non-native"
"944","Sporobolus nealleyi","Unmeasured","native"
"945","Sporobolus neglectus","Unmeasured","native"
"946","Sporobolus pyramidalis","Unmeasured","non-native"
"947","Sporobolus pyramidatus","Unmeasured","native"
"948","Sporobolus vaginiflorus","Unmeasured","native"
"949","Sporobolus virginicus","Unmeasured","native"
"950","Sporobolus wrightii","Unmeasured","native"
"951","Steinchisma hians","Unmeasured","native"
"952","Stenotaphrum secundatum","Unmeasured","native"
"953","Taeniatherum caput-medusae","Invasive/Fire Promoting","non-native"
"954","Themeda quadrivalvis","Unmeasured","non-native"
"955","Thinopyrum junceiforme","Unmeasured","native"
"956","Trachypogon spicatus","Unmeasured","native"
"957","Trichloris crinita","Unmeasured","native"
"958","Trichloris pluriflora","Unmeasured","native"
"959","Trichophorum alpinum","Unmeasured","native"
"960","Trichophorum cespitosum","Unmeasured","native"
"961","Trichophorum pumilum","Unmeasured","native"
"962","Tridens albescens","Unmeasured","native"
"963","Tridens flavus","Unmeasured","native"
"964","Tridens muticus","Unmeasured","native"
"965","Tridens strictus","Unmeasured","native"
"966","Triglochin maritima","Unmeasured","native"
"967","Triglochin palustris","Unmeasured","native"
"968","Triglochin striata","Unmeasured","native"
"969","Tripogon spicatus","Unmeasured","native"
"970","Tripsacum dactyloides","Unmeasured","native"
"971","Trisetum sibiricum","Unmeasured","native"
"972","Trisetum spicatum","Unmeasured","native"
"973","Uniola paniculata","Unmeasured","native"
"974","Ventenata dubia","Unmeasured","non-native"
"975","Vulpia bromoides","Unmeasured","non-native"
"976","Vulpia microstachys","Unmeasured","native"
"977","Vulpia microstachys var. ciliata","Unmeasured","native"
"978","Vulpia microstachys var. pauciflora","Unmeasured","native"
"979","Vulpia myuros","Unmeasured","non-native"
"980","Vulpia octoflora","Unmeasured","native"
"981","Zizania aquatica","Unmeasured","native"
"982","Zizaniopsis miliacea","Unmeasured","native"
